{
  "name": "Deploy-ASC-Monitoring",
  "type": "Microsoft.Authorization/policyAssignments",
  "apiVersion": "2024-04-01",
  "properties": {
    "description": "Enable Monitoring in Microsoft Defender for Cloud.",
    "displayName": "Enable Monitoring in Microsoft Defender for Cloud",
    "notScopes": [],
    "parameters": {},
    "policyDefinitionId": "/providers/Microsoft.Authorization/policySetDefinitions/1f3afdf9-d0c9-4c3d-847f-89da613e70a8",
    "definitionVersion": "57.*.*",
    "scope": null,
    "enforcementMode": "Default"
  },
  "location": null,
  "identity": {
    "type": "None"
  }
}
