{
  "name": "Deploy-Diag-Logs",
  "type": "Microsoft.Authorization/policyAssignments",
  "apiVersion": "2024-04-01",
  "properties": {
    "description": "Resource logs should be enabled to track activities and events that take place on your resources and give you visibility and insights into any changes that occur. This initiative deploys diagnostic setting using the allLogs category group to route logs to an Event Hub for all supported resources.",
    "displayName": "Enable allLogs category group resource logging for supported resources to Log Analytics",
    "notScopes": [],
    "parameters": {
      "logAnalytics": {
        "value": "/subscriptions/00000000-0000-0000-0000-000000000000/resourcegroups/${parTopLevelManagementGroupPrefix}-mgmt/providers/Microsoft.OperationalInsights/workspaces/${parTopLevelManagementGroupPrefix}-la"
      }
    },
    "policyDefinitionId": "/providers/Microsoft.Authorization/policySetDefinitions/0884adba-2312-4468-abeb-5422caed1038",
    "definitionVersion": "1.*.*",
    "conditionalDefinitionVersion": "1.*.*",
    "scope": null,
    "enforcementMode": "Default"
  },
  "location": null,
  "identity": {
    "type": "SystemAssigned"
  }
}
