{
  "name": "Enable-AUM-CheckUpdates",
  "type": "Microsoft.Authorization/policyAssignments",
  "apiVersion": "2024-04-01",
  "properties": {
    "description": "Configure auto-assessment (every 24 hours) for OS updates. You can control the scope of assignment according to machine subscription, resource group, location or tag. Learn more about this for Windows: https://aka.ms/computevm-windowspatchassessmentmode, for Linux: https://aka.ms/computevm-linuxpatchassessmentmode.",
    "displayName": "Configure periodic checking for missing system updates on azure virtual machines and Arc-enabled virtual machines.",
    "notScopes": [],
    "parameters": {
      "assessmentMode": {
      "value": "AutomaticByPlatform"
      }
    },
    "policyDefinitionId": "${varTopLevelManagementGroupResourceId}/providers/Microsoft.Authorization/policySetDefinitions/Deploy-AUM-CheckUpdates",
    "scope": null,
    "enforcementMode": "Default"
  },
  "location": null,
  "identity": {
    "type": "SystemAssigned"
  }
}
