{
  "name": "Deploy-vmHybr-Monitoring",
  "type": "Microsoft.Authorization/policyAssignments",
  "apiVersion": "2024-04-01",
  "properties": {
    "description": "Enable Azure Monitor for Hybrid Virtual Machines in the specified scope (Management group, Subscription or resource group).",
    "displayName": "Enable Azure Monitor for Hybrid Virtual Machines",
    "notScopes": [],
    "parameters": {
      "dcrResourceId": {
        "value": "${parDataCollectionRuleVMInsightsResourceId}"
      },
      "enableProcessesAndDependencies": {
        "value": true
      },
      "effect": {
        "value": "DeployIfNotExists"
      }
    },
    "policyDefinitionId": "/providers/Microsoft.Authorization/policySetDefinitions/2b00397d-c309-49c4-aa5a-f0b2c5bc6321",
    "definitionVersion": "1.*.*",
    "scope": null,
    "enforcementMode": "Default"
  },
  "location": null,
  "identity": {
    "type": "SystemAssigned"
  }
}
