{
  "name": "Audit-TrustedLaunch",
  "type": "Microsoft.Authorization/policyAssignments",
  "apiVersion": "2024-04-01",
  "properties": {
    "description": "Trusted Launch improves security of a Virtual Machine which requires VM SKU, OS Disk & OS Image to support it (Gen 2). To learn more about Trusted Launch, visit https://aka.ms/trustedlaunch.",
    "displayName": "Audit virtual machines for Trusted Launch support",
    "notScopes": [],
    "parameters": {},
    "policyDefinitionId": "${varTopLevelManagementGroupResourceId}/providers/Microsoft.Authorization/policySetDefinitions/Audit-TrustedLaunch",
    "scope": null,
    "enforcementMode": "Default"
  },
  "location": null,
  "identity": {
    "type": "None"
  }
}
