{
  "name": "Deploy-LX-Arc-Monitoring",
  "type": "Microsoft.Authorization/policyAssignments",
  "apiVersion": "2024-04-01",
  "properties": {
    "description": "Deploy-Linux-Arc-Monitoring.",
    "displayName": "Deploy-Linux-Arc-Monitoring",
    "notScopes": [],
    "parameters": {
      "effect": {
        "value": "DeployIfNotExists"
      },
      "logAnalytics": {
        "value": "/subscriptions/00000000-0000-0000-0000-000000000000/resourcegroups/${parTopLevelManagementGroupPrefix}-mgmt/providers/Microsoft.OperationalInsights/workspaces/${parTopLevelManagementGroupPrefix}-la"
      }
    },
    "policyDefinitionId": "/providers/Microsoft.Authorization/policyDefinitions/9d2b61b4-1d14-4a63-be30-d4498e7ad2cf",
    "scope": null,
    "enforcementMode": "Default"
  },
  "location": null,
  "identity": {
    "type": "SystemAssigned"
  }
}
