{
  "name": "Deny-Subnet-Without-Udr",
  "type": "Microsoft.Authorization/policyAssignments",
  "apiVersion": "2024-04-01",
  "properties": {
    "description": "This policy denies the creation of a subnet without a User-Defined Route to control traffic flow.",
    "displayName": "Subnets should have a User-Defined Route",
    "notScopes": [],
    "parameters": {
      "effect": {
        "value": "Deny"
      }
    },
    "policyDefinitionId": "${varTopLevelManagementGroupResourceId}/providers/Microsoft.Authorization/policyDefinitions/Deny-Subnet-Without-Udr",
    "scope": null,
    "enforcementMode": "Default"
  },
  "location": null,
  "identity": {
    "type": "None"
  }
}
