{
  "name": "Enforce-GR-KeyVault",
  "type": "Microsoft.Authorization/policyAssignments",
  "apiVersion": "2025-01-01",
  "properties": {
    "description": "This initiative assignment enables recommended ALZ guardrails for Azure Key Vault.",
    "displayName": "Enforce recommended guardrails for Azure Key Vault",
    "notScopes": [],
    "parameters": {},
    "policyDefinitionId": "${varTopLevelManagementGroupResourceId}/providers/Microsoft.Authorization/policySetDefinitions/Enforce-Guardrails-KeyVault",
    "scope": null,
    "enforcementMode": "Default"
  },
  "location": null,
  "identity": {
    "type": "None"
  }
}
