{
  "name": "Enforce-GR-BotService",
  "type": "Microsoft.Authorization/policyAssignments",
  "apiVersion": "2025-01-01",
  "properties": {
    "description": "This initiative assignment enables additional ALZ guardrails for Bot Service.",
    "displayName": "Enforce recommended guardrails for Bot Service",
    "notScopes": [],
    "parameters": {},
    "policyDefinitionId": "${varTopLevelManagementGroupResourceId}/providers/Microsoft.Authorization/policySetDefinitions/Enforce-Guardrails-BotService",
    "scope": null,
    "enforcementMode": "Default"
  },
  "location": null,
  "identity": {
    "type": "SystemAssigned"
  }
}
