{
  "name": "Deploy-VMSS-Monitor-24",
  "type": "Microsoft.Authorization/policyAssignments",
  "apiVersion": "2024-04-01",
  "properties": {
    "description": "Enable Azure Monitor for the Virtual Machine Scale Sets in the specified scope (Management group, Subscription or resource group). Takes Log Analytics workspace as parameter. Note: if your scale set upgradePolicy is set to Manual, you need to apply the extension to the all VMs in the set by calling upgrade on them. In CLI this would be az vmss update-instances.",
    "displayName": "Enable Azure Monitor for Virtual Machine Scale Sets",
    "notScopes": [],
    "parameters": {
      "dcrResourceId": {
        "value": "${parDataCollectionRuleVMInsightsResourceId}"
      },
      "enableProcessesAndDependencies": {
        "value": true
      },
      "scopeToSupportedImages": {
        "value": false
      },
      "bringYourOwnUserAssignedManagedIdentity": {
        "value": true
      },
      "restrictBringYourOwnUserAssignedIdentityToSubscription": {
        "value": false
      },
      "userAssignedIdentityResourceId": {
        "value": "${parUserAssignedManagedIdentityResourceId}"
      },
      "effect": {
        "value": "DeployIfNotExists"
      }
    },
    "policyDefinitionId": "/providers/Microsoft.Authorization/policySetDefinitions/f5bf694c-cca7-4033-b883-3a23327d5485",
    "definitionVersion": "1.*.*",
    "scope": null,
    "enforcementMode": "Default"
  },
  "location": null,
  "identity": {
    "type": "SystemAssigned"
  }
}
