{
  "name": "Deploy-SQL-Security",
  "type": "Microsoft.Authorization/policyAssignments",
  "apiVersion": "2024-04-01",
  "properties": {
    "description": "Deploy-SQL-Security.",
    "displayName": "Deploy-SQL-Security",
    "notScopes": [],
    "parameters": {
      "effect": {
        "value": "DeployIfNotExists"
      }
    },
    "policyDefinitionId": "/providers/Microsoft.Authorization/policyDefinitions/86a912f6-9a06-4e26-b447-11b16ba8659f",
    "scope": null,
    "enforcementMode": "Default"
  },
  "location": null,
  "identity": {
    "type": "SystemAssigned"
  }
}
