{
  "name": "Enforce-Subnet-Private",
  "type": "Microsoft.Authorization/policyAssignments",
  "apiVersion": "2024-04-01",
  "properties": {
    "description": "Ensure your subnets are secure by default by preventing default outbound access. For more information go to https://aka.ms/defaultoutboundaccessretirement",
    "displayName": "Subnets should be private",
    "notScopes": [],
    "parameters": {},
    "policyDefinitionId": "/providers/Microsoft.Authorization/policyDefinitions/7bca8353-aa3b-429b-904a-9229c4385837",
    "definitionVersion": "1.*.*",
    "scope": null,
    "enforcementMode": "Default"
  },
  "location": null,
  "identity": {
    "type": "None"
  }
}
