{
  "name": "Deny-Resource-Locations",
  "type": "Microsoft.Authorization/policyAssignments",
  "apiVersion": "2024-04-01",
  "properties": {
    "description": "Specifies the allowed locations (regions) where Resources can be deployed.",
    "displayName": "Limit allowed locations for Resources",
    "notScopes": [],
    "parameters": {
      "listOfAllowedLocations": {
        "value": [
          "uksouth",
          "ukwest"
        ]
      }
    },
    "policyDefinitionId": "/providers/Microsoft.Authorization/policyDefinitions/e56962a6-4747-49cd-b67b-bf8b01975c4c",
    "scope": null,
    "enforcementMode": "Default"
  },
  "location": null,
  "identity": {
    "type": "None"
  }
}
