{
  "name": "Audit-UnusedResources",
  "type": "Microsoft.Authorization/policyAssignments",
  "apiVersion": "2024-04-01",
  "properties": {
    "description": "This Policy initiative is a group of Policy definitions that help optimize cost by detecting unused but chargeable resources. Leverage this Policy initiative as a cost control to reveal orphaned resources that are driving cost.",
    "displayName": "Unused resources driving cost should be avoided",
    "notScopes": [],
    "parameters": {
      "EffectDisks": {
        "value": "Audit"
      },
      "EffectPublicIpAddresses": {
        "value": "Audit"
      },
      "EffectServerFarms": {
        "value": "Audit"
      }
    },
    "policyDefinitionId": "${varTopLevelManagementGroupResourceId}/providers/Microsoft.Authorization/policySetDefinitions/Audit-UnusedResourcesCostOptimization",
    "scope": null,
    "enforcementMode": "Default"
  },
  "location": null,
  "identity": {
    "type": "None"
  }
}
