{
  "name": "DenyAction-DeleteUAMIAMA",
  "type": "Microsoft.Authorization/policyAssignments",
  "apiVersion": "2024-04-01",
  "properties": {
    "description": "This policy provides a safeguard against accidental removal of the User Assigned Managed Identity used by AMA by blocking delete calls using deny action effect.",
    "displayName": "Do not allow deletion of the User Assigned Managed Identity used by AMA",
    "notScopes": [],
    "parameters": {
      "effect": {
        "value": "DenyAction"
      },
      "resourceName": {
        "value": "alz-umi-identity"
      },
      "resourceType": {
        "value": "Microsoft.ManagedIdentity/userAssignedIdentities"
      }
    },
    "policyDefinitionId": "${varTopLevelManagementGroupResourceId}/providers/Microsoft.Authorization/policyDefinitions/DenyAction-DeleteResources",
    "scope": "${current_scope_resource_id}",
    "enforcementMode": "Default"

  },
  "location": "${default_location}",
  "identity": {
    "type": "None"
  }
}
