{
  "name": "Enforce-ASR",
  "type": "Microsoft.Authorization/policyAssignments",
  "apiVersion": "2024-04-01",
  "properties": {
    "description": "This initiative assignment enables recommended ALZ guardrails for Azure Recovery Services.",
    "displayName": "Enforce enhanced recovery and backup policies",
    "notScopes": [],
    "parameters": {},
    "policyDefinitionId": "${varTopLevelManagementGroupResourceId}/providers/Microsoft.Authorization/policySetDefinitions/Enforce-Backup",
    "scope": null,
    "enforcementMode": "Default"
  },
  "location": null,
  "identity": {
    "type": "SystemAssigned"
  }
}
