{
  "name": "Deploy-AzActivity-Log",
  "type": "Microsoft.Authorization/policyAssignments",
  "apiVersion": "2024-04-01",
  "properties": {
    "description": "Ensures that Activity Log Diagnostics settings are set to push logs into Log Analytics workspace.",
    "displayName": "Deploy Diagnostic Settings for Activity Log to Log Analytics workspace",
    "notScopes": [],
    "parameters": {
      "effect": {
        "value": "DeployIfNotExists"
      },
      "logAnalytics": {
        "value": "/subscriptions/00000000-0000-0000-0000-000000000000/resourcegroups/${parTopLevelManagementGroupPrefix}-mgmt/providers/Microsoft.OperationalInsights/workspaces/${parTopLevelManagementGroupPrefix}-la"
      }
    },
    "policyDefinitionId": "/providers/Microsoft.Authorization/policyDefinitions/2465583e-4e78-4c15-b6be-a36cbc7c8b0f",
    "definitionVersion": "1.*.*",
    "scope": null,
    "enforcementMode": "Default"
  },
  "location": null,
  "identity": {
    "type": "SystemAssigned"
  }
}
