{
  "$schema": "https://schema.management.azure.com/schemas/2019-04-01/deploymentParameters.json#",
  "contentVersion": "1.0.0.0",
  "parameters": {
    "parLogAnalyticsWorkspaceName": {
      "value": "alz-log-analytics"
    },
    "parLogAnalyticsWorkspaceLocation": {
      "value": "eastus"
    },
    "parLogAnalyticsWorkspaceSkuName": {
      "value": "PerGB2018"
    },
    "parLogAnalyticsWorkspaceCapacityReservationLevel": {
      "value": 100
    },
    "parLogAnalyticsWorkspaceLogRetentionInDays": {
      "value": 365
    },
    "parLogAnalyticsWorkspaceSolutions": {
      "value": [
        "SecurityInsights",
        "ChangeTracking"
      ]
    },
    "parDataCollectionRuleVMInsightsName": {
      "value": "alz-ama-vmi-dcr"
    },
    "parDataCollectionRuleChangeTrackingName": {
      "value": "alz-ama-ct-dcr"
    },
    "parDataCollectionRuleMDFCSQLName": {
      "value": "alz-ama-mdfcsql-dcr"
    },
    "parUserAssignedManagedIdentityName": {
      "value": "alz-umi-identity"
    },
    "parUserAssignedManagedIdentityLocation": {
      "value": "eastus"
    },
    "parAutomationAccountEnabled": {
      "value": false
    },
    "parLogAnalyticsWorkspaceLinkAutomationAccount": {
      "value": false
    },
    "parAutomationAccountName": {
      "value": "alz-automation-account"
    },
    "parAutomationAccountLocation": {
      "value": "eastus2"
    },
    "parAutomationAccountUseManagedIdentity": {
      "value": true
    },
    "parAutomationAccountPublicNetworkAccess": {
      "value": true
    },
    "parTags": {
      "value": {
        "Environment": "Live"
      }
    },
    "parLogAnalyticsWorkspaceTags": {
      "value": {
        "Environment": "Live"
      }
    },
    "parAutomationAccountTags": {
      "value": {
        "Environment": "Live"
      }
    },
    "parLogAnalyticsLinkedServiceAutomationAccountName": {
      "value": "Automation"
    },
    "parTelemetryOptOut": {
      "value": false
    },
    "parGlobalResourceLock": {
      "value": {
        "kind": "None",
        "notes": "This lock was created by the ALZ Bicep Logging Module."
      }
    },
    "parAutomationAccountLock": {
      "value": {
        "kind": "None",
        "notes": "This lock was created by the ALZ Bicep Logging Module."
      }
    },
    "parLogAnalyticsWorkspaceLock": {
      "value": {
        "kind": "None",
        "notes": "This lock was created by the ALZ Bicep Logging Module."
      }
    },
    "parDataCollectionRuleVMInsightsLock": {
      "value": {
        "kind": "None",
        "notes": "This lock was created by the ALZ Bicep Logging Module."
      }
    },
    "parDataCollectionRuleChangeTrackingLock": {
      "value": {
        "kind": "None",
        "notes": "This lock was created by the ALZ Bicep Logging Module."
      }
    },
    "parDataCollectionRuleMDFCSQLLock": {
      "value": {
        "kind": "None",
        "notes": "This lock was created by the ALZ Bicep Logging Module."
      }
    },
    "parSecurityInsightsOnboardingLock": {
      "value": {
        "kind": "None",
        "notes": "This lock was created by the ALZ Bicep Logging Module."
      }
    },
    "parChangeTrackingSolutionLock": {
      "value": {
        "kind": "None",
        "notes": "This lock was created by the ALZ Bicep Logging Module."
      }
    }
  }
}
