{
  "$schema": "https://schema.management.azure.com/schemas/2019-04-01/deploymentParameters.json#",
  "contentVersion": "1.0.0.0",
  "parameters": {
    "parLocation": {
      "value": "eastus"
    },
    "parSecondaryLocation": {
      "value": "eastus2"
    },
    "parCompanyPrefix": {
      "value": "alz"
    },
    "parHubNetworkName": {
      "value": "alz-hub-eastus"
    },
    "parHubNetworkNameSecondaryLocation": {
      "value": "alz-hub-eastus2"
    },
    "parHubNetworkAddressPrefix": {
      "value": "10.20.0.0/16"
    },
    "parHubNetworkAddressPrefixSecondaryLocation": {
      "value": "10.30.0.0/16"
    },
    "parSubnets": {
      "value": [
        {
          "name": "AzureBastionSubnet",
          "ipAddressRange": "10.20.0.0/24",
          "networkSecurityGroupId": "",
          "routeTableId": ""
        },
        {
          "name": "GatewaySubnet",
          "ipAddressRange": "10.20.254.0/24",
          "networkSecurityGroupId": "",
          "routeTableId": ""
        },
        {
          "name": "AzureFirewallSubnet",
          "ipAddressRange": "10.20.255.0/24",
          "networkSecurityGroupId": "",
          "routeTableId": ""
        },
        {
          "name": "AzureFirewallManagementSubnet",
          "ipAddressRange": "10.20.253.0/24",
          "networkSecurityGroupId": "",
          "routeTableId": ""
        }
      ]
    },
    "parSubnetsSecondaryLocation": {
      "value": [
        {
          "name": "AzureBastionSubnet",
          "ipAddressRange": "10.30.0.0/24",
          "networkSecurityGroupId": "",
          "routeTableId": ""
        },
        {
          "name": "GatewaySubnet",
          "ipAddressRange": "10.30.254.0/24",
          "networkSecurityGroupId": "",
          "routeTableId": ""
        },
        {
          "name": "AzureFirewallSubnet",
          "ipAddressRange": "10.30.255.0/24",
          "networkSecurityGroupId": "",
          "routeTableId": ""
        },
        {
          "name": "AzureFirewallManagementSubnet",
          "ipAddressRange": "10.30.253.0/24",
          "networkSecurityGroupId": "",
          "routeTableId": ""
        }
      ]
    },
    "parDnsServerIps": {
      "value": []
    },
    "parDnsServerIpsSecondaryLocation": {
      "value": []
    },
    "parPublicIpSku": {
      "value": "Standard"
    },
    "parPublicIpPrefix": {
      "value": ""
    },
    "parPublicIpPrefixSecondaryLocation": {
      "value": ""
    },
    "parPublicIpSuffix": {
      "value": "-PublicIP"
    },
    "parAzBastionEnabled": {
      "value": true
    },
    "parAzBastionEnabledSecondaryLocation": {
      "value": false
    },
    "parAzBastionName": {
      "value": "alz-bastion-eastus"
    },
    "parAzBastionNameSecondaryLocation": {
      "value": "alz-bastion-eastus2"
    },
    "parAzBastionSku": {
      "value": "Standard"
    },
    "parAzBastionSkuSecondaryLocation": {
      "value": "Standard"
    },
    "parAzBastionTunneling": {
      "value": false
    },
    "parAzBastionTunnelingSecondaryLocation": {
      "value": false
    },
    "parAzBastionNsgName": {
      "value": "nsg-AzureBastionSubnet-eastus"
    },
    "parAzBastionNsgNameSecondaryLocation": {
      "value": "nsg-AzureBastionSubnet-eastus2"
    },
    "parDdosEnabled": {
      "value": true
    },
    "parDdosPlanName": {
      "value": "alz-ddos-plan-eastus"
    },
    "parDdosEnabledSecondaryLocation": {
      "value": true
    },
    "parDdosPlanNameSecondaryLocation": {
      "value": "alz-ddos-plan-eastus2"
    },
    "parAzFirewallEnabled": {
      "value": true
    },
    "parAzFirewallName": {
      "value": "alz-azfw-eastus"
    },
    "parAzFirewallPoliciesName": {
      "value": "alz-azfwpolicy-eastus"
    },
    "parAzFirewallTier": {
      "value": "Standard"
    },
    "parAzFirewallIntelMode": {
      "value": "Alert"
    },
    "parAzFirewallAvailabilityZones": {
      "value": [
        "1",
        "2",
        "3"
      ]
    },
    "parAzFirewallEnabledSecondaryLocation": {
      "value": true
    },
    "parAzFirewallNameSecondaryLocation": {
      "value": "alz-azfw-eastus2"
    },
    "parAzFirewallPoliciesNameSecondaryLocation": {
      "value": "alz-azfwpolicy-eastus2"
    },
    "parAzFirewallTierSecondaryLocation": {
      "value": "Standard"
    },
    "parAzFirewallIntelModeSecondaryLocation": {
      "value": "Alert"
    },
    "parAzFirewallAvailabilityZonesSecondaryLocation": {
      "value": [
        "1",
        "2",
        "3"
      ]
    },
    "parAzErGatewayAvailabilityZones": {
      "value": [
        "1",
        "2",
        "3"
      ]
    },
    "parAzVpnGatewayAvailabilityZones": {
      "value": [
        "1",
        "2",
        "3"
      ]
    },
    "parAzErGatewayAvailabilityZonesSecondaryLocation": {
      "value": [
        "1",
        "2",
        "3"
      ]
    },
    "parAzVpnGatewayAvailabilityZonesSecondaryLocation": {
      "value": [
        "1",
        "2",
        "3"
      ]
    },
    "parAzFirewallDnsProxyEnabled": {
      "value": true
    },
    "parAzFirewallDnsServers": {
      "value": []
    },
    "parHubRouteTableNameSecondaryLocation": {
      "value": "alz-hub-routetable-eastus2"
    },
    "parDisableBgpRoutePropagationSecondaryLocation": {
      "value": false
    },
    "parAzFirewallDnsProxyEnabledSecondaryLocation": {
      "value": true
    },
    "parAzFirewallDnsServersSecondaryLocation": {
      "value": []
    },
    "parHubRouteTableName": {
      "value": "alz-hub-routetable-eastus"
    },
    "parDisableBgpRoutePropagation": {
      "value": false
    },
    "parPrivateDnsZonesEnabled": {
      "value": true
    },
    "parPrivateDnsZones": {
      "value": []
    },
    "parVpnGatewayEnabled": {
      "value": true
    },
    "parVpnGatewayEnabledSecondaryLocation": {
      "value": true
    },
    "parVpnGatewayConfig": {
      "value": {
        "name": "alz-vpn-gateway",
        "gatewayType": "Vpn",
        "sku": "VpnGw1AZ",
        "vpnType": "RouteBased",
        "generation": "Generation1",
        "enableBgp": false,
        "activeActive": false,
        "enableBgpRouteTranslationForNat": false,
        "enableDnsForwarding": false,
        "bgpPeeringAddress": "",
        "bgpsettings": {
          "asn": "65515",
          "bgpPeeringAddress": "",
          "peerWeight": "5"
        },
        "vpnClientConfiguration": {},
        "ipConfigurationName": "vnetGatewayConfig",
        "ipConfigurationActiveActiveName": "vnetGatewayConfig2"
      }
    },
    "parVpnGatewayConfigSecondaryLocation": {
      "value": {
        "name": "alz-vpn-gateway-secondary",
        "gatewayType": "Vpn",
        "sku": "VpnGw1AZ",
        "vpnType": "RouteBased",
        "generation": "Generation1",
        "enableBgp": false,
        "activeActive": false,
        "enableBgpRouteTranslationForNat": false,
        "enableDnsForwarding": false,
        "bgpPeeringAddress": "",
        "bgpsettings": {
          "asn": "65515",
          "bgpPeeringAddress": "",
          "peerWeight": "5"
        },
        "vpnClientConfiguration": {},
        "ipConfigurationName": "vnetGatewayConfig",
        "ipConfigurationActiveActiveName": "vnetGatewayConfig2"
      }
    },
    "parExpressRouteGatewayEnabled": {
      "value": true
    },
    "parExpressRouteGatewayConfig": {
      "value": {
        "name": "alz-expressroute-gateway",
        "gatewayType": "ExpressRoute",
        "sku": "ErGw1Az",
        "vpnType": "RouteBased",
        "generation": "None",
        "enableBgp": false,
        "activeActive": false,
        "enableBgpRouteTranslationForNat": false,
        "enableDnsForwarding": false,
        "bgpPeeringAddress": "",
        "bgpsettings": {
          "asn": "65515",
          "bgpPeeringAddress": "",
          "peerWeight": "5"
        },
        "ipConfigurationName": "vnetGatewayConfig",
        "ipConfigurationActiveActiveName": "vnetGatewayConfig2"
      }
    },
    "parExpressRouteGatewayEnabledSecondaryLocation": {
      "value": true
    },
    "parExpressRouteGatewayConfigSecondaryLocation": {
      "value": {
        "name": "alz-expressroute-gateway-secondary",
        "gatewayType": "ExpressRoute",
        "sku": "ErGw1Az",
        "vpnType": "RouteBased",
        "generation": "None",
        "enableBgp": false,
        "activeActive": false,
        "enableBgpRouteTranslationForNat": false,
        "enableDnsForwarding": false,
        "bgpPeeringAddress": "",
        "bgpsettings": {
          "asn": "65515",
          "bgpPeeringAddress": "",
          "peerWeight": "5"
        }
      }
    },
    "parTags": {
      "value": {
        "Environment": "Live"
      }
    },
    "parTelemetryOptOut": {
      "value": false
    },
    "parBastionOutboundSshRdpPorts": {
      "value": [
        "22",
        "3389"
      ]
    },
    "parBastionOutboundSshRdpPortsSecondaryLocation": {
      "value": [
        "22",
        "3389"
      ]
    },
    "parGlobalResourceLock": {
      "value": {
        "kind": "None",
        "notes": "This lock was created by the ALZ Bicep Hub Networking Module."
      }
    },
    "parVirtualNetworkLock": {
      "value": {
        "kind": "None",
        "notes": "This lock was created by the ALZ Bicep Hub Networking Module."
      }
    },
    "parBastionLock": {
      "value": {
        "kind": "None",
        "notes": "This lock was created by the ALZ Bicep Hub Networking Module."
      }
    },
    "parDdosLock": {
      "value": {
        "kind": "None",
        "notes": "This lock was created by the ALZ Bicep Hub Networking Module."
      }
    },
    "parAzureFirewallLock": {
      "value": {
        "kind": "None",
        "notes": "This lock was created by the ALZ Bicep Hub Networking Module."
      }
    },
    "parHubRouteTableLock": {
      "value": {
        "kind": "None",
        "notes": "This lock was created by the ALZ Bicep Hub Networking Module."
      }
    },
    "parPrivateDNSZonesLock": {
      "value": {
        "kind": "None",
        "notes": "This lock was created by the ALZ Bicep Hub Networking Module."
      }
    },
    "parVirtualNetworkGatewayLock": {
      "value": {
        "kind": "None",
        "notes": "This lock was created by the ALZ Bicep Hub Networking Module."
      }
    }
  }
}
