{
  "name": "Deny-LogicApps-Without-Https",
  "type": "Microsoft.Authorization/policyDefinitions",
  "apiVersion": "2021-06-01",
  "scope": null,
  "properties": {
    "policyType": "Custom",
    "mode": "All",
    "displayName": "Logic app should only be accessible over HTTPS",
    "description": "Use of HTTPS ensures server/service authentication and protects data in transit from network layer eavesdropping attacks.",
    "metadata": {
      "version": "1.0.0",
      "category": "Logic Apps",
      "source": "https://github.com/Azure/Enterprise-Scale/",
      "alzCloudEnvironments": [
        "AzureCloud",
        "AzureChinaCloud",
        "AzureUSGovernment"
      ]
    },
    "parameters": {
      "effect": {
        "type": "String",
        "allowedValues": [
          "Audit",
          "Deny",
          "Disabled"
        ],
        "defaultValue": "Deny",
        "metadata": {
          "displayName": "Effect",
          "description": "Enable or disable the execution of the policy"
        }
      }
    },
    "policyRule": {
      "if": {
        "allOf": [
          {
            "field": "type",
            "equals": "Microsoft.Web/sites"
          },
          {
            "field": "kind",
            "contains": "workflowapp"
          },
          {
            "anyOf": [
              {
                "field": "Microsoft.Web/sites/httpsOnly",
                "exists": "false"
              },
              {
                "field": "Microsoft.Web/sites/httpsOnly",
                "equals": "false"
              }
            ]
          }
        ]
      },
      "then": {
        "effect": "[parameters('effect')]"
      }
    }
  }
}