{
  "$schema": "https://schema.management.azure.com/schemas/2019-04-01/deploymentParameters.json#",
  "contentVersion": "1.0.0.0",
  "parameters": {
    "parTopLevelManagementGroupPrefix": {
      "value": "alz"
    },
    "parManagementGroupIdOverrides": {
      "value": {}
    },
    "parTopLevelManagementGroupSuffix": {
      "value": ""
    },
    "parTopLevelPolicyAssignmentSovereigntyGlobal": {
      "value": {
        "parTopLevelSovereigntyGlobalPoliciesEnable": false,
        "parListOfAllowedLocations": [],
        "parPolicyEffect": "Deny"
      }
    },
    "parPolicyAssignmentSovereigntyConfidential": {
      "value": {
        "parAllowedResourceTypes": [],
        "parListOfAllowedLocations": [],
        "parAllowedVirtualMachineSKUs": [],
        "parPolicyEffect": "Deny"
      }
    },
    "parExcludedPolicyAssignments": {
      "value": []
    },
    "parDisableWorkloadSpecificPolicies": {
      "value": true
    },
    "parTelemetryOptOut": {
      "value": false
    }
  }
}
