{
  "$schema": "https://schema.management.azure.com/schemas/2019-04-01/deploymentParameters.json#",
  "contentVersion": "1.0.0.0",
  "parameters": {
    "parTopLevelManagementGroupPrefix": {
      "value": "alz"
    },
    "parManagementGroupIdOverrides": {
      "value": {}
    },
    "parTopLevelManagementGroupSuffix": {
      "value": ""
    },
    "parDdosEnabled": {
      "value": true
    },
    "parPlatformMgAlzDefaultsEnable": {
      "value": true
    },
    "parLandingZoneChildrenMgAlzDefaultsEnable": {
      "value": true
    },
    "parLandingZoneMgConfidentialEnable": {
      "value": false
    },
    "parLogAnalyticsWorkSpaceAndAutomationAccountLocation": {
      "value": "eastus"
    },
    "parLogAnalyticsWorkspaceResourceId": {
      "value": "/subscriptions/xxxxxxxx-xxxx-xxxx-xxxx-xxxxxxxxxxxx/resourceGroups/alz-logging/providers/Microsoft.OperationalInsights/workspaces/alz-log-analytics"
    },
    "parLogAnalyticsWorkspaceLogRetentionInDays": {
      "value": "365"
    },
    "parLogAnalyticsWorkspaceResourceCategory": {
      "value": "allLogs"
    },
    "parDataCollectionRuleVMInsightsResourceId": {
      "value": "/subscriptions/xxxxxxxx-xxxx-xxxx-xxxx-xxxxxxxxxxxx/resourceGroups/alz-logging/providers/Microsoft.Insights/dataCollectionRules/alz-ama-vmi-dcr"
    },
    "parDataCollectionRuleChangeTrackingResourceId": {
      "value": "/subscriptions/xxxxxxxx-xxxx-xxxx-xxxx-xxxxxxxxxxxx/resourceGroups/alz-logging/providers/Microsoft.Insights/dataCollectionRules/alz-ama-ct-dcr"
    },
    "parDataCollectionRuleMDFCSQLResourceId": {
      "value": "/subscriptions/xxxxxxxx-xxxx-xxxx-xxxx-xxxxxxxxxxxx/resourceGroups/alz-logging/providers/Microsoft.Insights/dataCollectionRules/ama-mdfcsql-default-dcr"
    },
    "parUserAssignedManagedIdentityResourceId": {
      "value": "/subscriptions/xxxxxxxx-xxxx-xxxx-xxxx-xxxxxxxxxxxx/resourcegroups/alz-logging/providers/Microsoft.ManagedIdentity/userAssignedIdentities/alz-umi-identity"
    },
    "parAutomationAccountName": {
      "value": "alz-automation-account"
    },
    "parMsDefenderForCloudEmailSecurityContact": {
      "value": "security_contact@replace_me.com"
    },
    "parDdosProtectionPlanId": {
      "value": "/subscriptions/xxxxxxxx-xxxx-xxxx-xxxx-xxxxxxxxxxxx/resourceGroups/rg-alz-hub-networking-001/providers/Microsoft.Network/ddosProtectionPlans/alz-ddos-plan"
    },
    "parPrivateDnsResourceGroupId": {
      "value": "/subscriptions/xxxxxxxx-xxxx-xxxx-xxxx-xxxxxxxxxxxx/resourceGroups/rg-alz-hub-networking-001"
    },
    "parPrivateDnsZonesLocation": {
      "value": "eastus"
    },
    "parPrivateDnsZonesNamesToAuditInCorp": {
      "value": []
    },
    "parDisableAlzDefaultPolicies": {
      "value": false
    },
    "parVmBackupExclusionTagName": {
      "value": ""
    },
    "parVmBackupExclusionTagValue": {
      "value": []
    },
    "parExcludedPolicyAssignments": {
      "value": []
    },
    "parTelemetryOptOut": {
      "value": false
    }
  }
}
