{
  "ascExport": {
    "parameters": {
      "resourceGroupName": {
        "value": "[[parameters('ascExportResourceGroupName')]"
      },
      "resourceGroupLocation": {
        "value": "[[parameters('ascExportResourceGroupLocation')]"
      },
      "workspaceResourceId": {
        "value": "[[parameters('logAnalytics')]"
      }
    }
  },
  "defenderForArm": {
    "parameters": {
      "effect": {
        "value": "[[parameters('enableAscForArm')]"
      }
    }
  },
  "defenderforContainers": {
    "parameters": {
      "effect": {
        "value": "[[parameters('enableAscForContainers')]"
      }
    }
  },
  "defenderForDns": {
    "parameters": {
      "effect": {
        "value": "[[parameters('enableAscForDns')]"
      }
    }
  },
  "defenderForSqlPaas": {
    "parameters": {
      "effect": {
        "value": "[[parameters('enableAscForSql')]"
      }
    }
  },
  "defenderForVM": {
    "parameters": {
      "effect": {
        "value": "[[parameters('enableAscForServers')]"
      }
    }
  },
  "securityEmailContact": {
    "parameters": {
      "emailSecurityContact": {
        "value": "[[parameters('emailSecurityContact')]"
      }
    }
  }
}
